time,open,high,low,close,tick_volume,spread,real_volume
1726551720,1.3208,1.3209,1.3208,1.32084,16.0,6,0.0
1726551780,1.32084,1.32084,1.32079,1.3208,13.0,6,0.0
1726551840,1.3208,1.32084,1.32079,1.3208,9.0,6,0.0
1726551900,1.3208,1.3208,1.3207,1.32074,15.0,6,0.0
1726551960,1.32074,1.32074,1.32067,1.32068,12.0,6,0.0
1726552020,1.32068,1.32068,1.32058,1.3206,11.0,6,0.0
1726552080,1.3206,1.3206,1.32057,1.32057,4.0,6,0.0
1726552140,1.32058,1.32062,1.32052,1.32061,16.0,6,0.0
1726552200,1.32061,1.32072,1.32059,1.3207,7.0,6,0.0
1726552260,1.3207,1.3207,1.32066,1.32069,9.0,6,0.0
1726552320,1.3207,1.32081,1.3207,1.3208,11.0,6,0.0
1726552380,1.3208,1.3208,1.32072,1.32078,16.0,6,0.0
1726552440,1.32078,1.32079,1.32078,1.32079,8.0,6,0.0
1726552500,1.3208,1.32087,1.3208,1.3208,5.0,6,0.0
1726552560,1.32082,1.32082,1.32074,1.32079,8.0,6,0.0
1726552620,1.32079,1.3208,1.32072,1.32078,16.0,6,0.0
1726552680,1.32072,1.32072,1.3206,1.32063,16.0,6,0.0
1726552740,1.32063,1.32069,1.32058,1.32058,15.0,6,0.0
1726552800,1.32057,1.32058,1.32045,1.32052,30.0,6,0.0
1726552860,1.32052,1.32064,1.32052,1.3206,18.0,6,0.0
1726552920,1.3206,1.32062,1.32058,1.3206,17.0,6,0.0
1726552980,1.3206,1.3207,1.3206,1.3206,16.0,6,0.0
1726553040,1.3206,1.32061,1.32052,1.32053,9.0,6,0.0
1726553100,1.32052,1.32052,1.32044,1.32048,15.0,6,0.0
1726553160,1.32048,1.3205,1.32041,1.32042,12.0,6,0.0
1726553220,1.32043,1.3205,1.32042,1.32048,16.0,6,0.0
1726553280,1.32048,1.32049,1.32042,1.32042,6.0,6,0.0
1726553340,1.32041,1.3205,1.32041,1.32049,12.0,6,0.0
1726553400,1.3205,1.32054,1.32048,1.32052,14.0,6,0.0
1726553460,1.32052,1.32062,1.32052,1.3206,13.0,6,0.0
1726553520,1.32061,1.32063,1.32056,1.32062,20.0,6,0.0
1726553580,1.32062,1.32063,1.32059,1.3206,11.0,6,0.0
1726553640,1.32058,1.3206,1.3205,1.3205,23.0,6,0.0
1726553700,1.32051,1.32056,1.32051,1.32051,11.0,6,0.0
1726553760,1.32052,1.32061,1.32052,1.3206,11.0,6,0.0
1726553820,1.3206,1.32069,1.3206,1.32062,11.0,6,0.0
1726553880,1.3206,1.32061,1.32055,1.32057,19.0,6,0.0
1726553940,1.32057,1.32061,1.32057,1.32061,10.0,6,0.0
1726554000,1.3206,1.3207,1.3206,1.3207,12.0,5,0.0
1726554060,1.3207,1.32072,1.32069,1.3207,7.0,5,0.0
1726554120,1.3207,1.32081,1.3207,1.3208,15.0,6,0.0
1726554180,1.3208,1.32081,1.32078,1.3208,14.0,6,0.0
1726554240,1.3208,1.3208,1.32072,1.32079,10.0,6,0.0
1726554300,1.3208,1.32082,1.32075,1.32078,15.0,6,0.0
1726554360,1.32072,1.32072,1.32068,1.32069,10.0,6,0.0
1726554420,1.32069,1.3207,1.3206,1.3206,10.0,6,0.0
1726554480,1.3206,1.3207,1.3206,1.3207,12.0,6,0.0
1726554540,1.3207,1.3207,1.32064,1.32067,14.0,6,0.0
1726554600,1.32069,1.3207,1.32049,1.32051,23.0,6,0.0
1726554660,1.32052,1.32061,1.32052,1.3206,23.0,6,0.0
1726554720,1.3206,1.32063,1.32059,1.3206,19.0,6,0.0
1726554780,1.3206,1.32061,1.32059,1.32061,12.0,6,0.0
1726554840,1.32061,1.32062,1.32059,1.3206,9.0,6,0.0
1726554900,1.3206,1.32072,1.3206,1.32071,31.0,6,0.0
1726554960,1.32071,1.32071,1.3207,1.3207,12.0,6,0.0
1726555020,1.3207,1.3207,1.32061,1.32069,11.0,6,0.0
1726555080,1.3207,1.3207,1.32066,1.3207,7.0,6,0.0
1726555140,1.3207,1.3207,1.32062,1.32063,14.0,6,0.0
1726555200,1.32063,1.32063,1.32056,1.32056,15.0,6,0.0
1726555260,1.32057,1.32062,1.32051,1.3206,29.0,6,0.0
1726555320,1.3206,1.32061,1.32058,1.3206,11.0,6,0.0
1726555380,1.3206,1.3206,1.32049,1.3205,30.0,6,0.0
1726555440,1.32049,1.3205,1.3204,1.32043,26.0,6,0.0
1726555500,1.32041,1.32043,1.3204,1.32041,14.0,6,0.0
1726555560,1.32041,1.3205,1.3204,1.32049,11.0,6,0.0
1726555620,1.32049,1.3205,1.32049,1.3205,2.0,6,0.0
1726555680,1.32049,1.32051,1.32049,1.32051,17.0,6,0.0
1726555740,1.3205,1.32054,1.3205,1.32053,18.0,4,0.0
1726555800,1.32053,1.32053,1.32039,1.32039,24.0,5,0.0
1726555860,1.3204,1.32042,1.32038,1.32041,27.0,6,0.0
1726555920,1.32041,1.32041,1.3203,1.3203,19.0,6,0.0
1726555980,1.32031,1.32031,1.32028,1.32029,27.0,6,0.0
1726556040,1.32028,1.3204,1.32022,1.3204,33.0,6,0.0
1726556100,1.3204,1.3205,1.32039,1.3205,17.0,6,0.0
1726556160,1.3205,1.3205,1.32045,1.3205,12.0,6,0.0
1726556220,1.3205,1.3205,1.3204,1.32041,21.0,6,0.0
1726556280,1.32041,1.32043,1.3203,1.32031,28.0,6,0.0
1726556340,1.32031,1.32031,1.32024,1.32024,13.0,6,0.0
1726556400,1.32023,1.32027,1.32023,1.32024,12.0,6,0.0
1726556460,1.32024,1.32024,1.32019,1.32019,14.0,6,0.0
1726556520,1.3202,1.32021,1.32013,1.32017,26.0,6,0.0
1726556580,1.32018,1.32023,1.32018,1.32022,15.0,6,0.0
1726556640,1.32022,1.3203,1.32022,1.3203,12.0,6,0.0
1726556700,1.3203,1.32031,1.32029,1.32029,8.0,5,0.0
1726556760,1.32029,1.32031,1.32029,1.3203,6.0,5,0.0
1726556820,1.3203,1.32031,1.32025,1.3203,9.0,5,0.0
1726556880,1.3203,1.32031,1.32019,1.3202,18.0,5,0.0
1726556940,1.3202,1.32023,1.3202,1.32021,12.0,6,0.0
1726557000,1.32021,1.32023,1.32019,1.32021,14.0,6,0.0
1726557060,1.32021,1.32021,1.32019,1.3202,9.0,6,0.0
1726557120,1.3202,1.3202,1.32014,1.3202,12.0,5,0.0
1726557180,1.3202,1.32022,1.3202,1.32021,4.0,4,0.0
1726557240,1.32021,1.32022,1.3202,1.32022,8.0,6,0.0
1726557300,1.32022,1.32022,1.32019,1.32021,10.0,6,0.0
1726557360,1.32021,1.32022,1.32019,1.32019,21.0,6,0.0
1726557420,1.3202,1.32021,1.32019,1.32019,7.0,6,0.0
1726557480,1.32019,1.3202,1.32014,1.32019,15.0,4,0.0
1726557540,1.32019,1.32021,1.32018,1.3202,16.0,3,0.0
1726557600,1.3202,1.3202,1.32009,1.3201,14.0,4,0.0
1726557660,1.3201,1.32011,1.32001,1.3201,14.0,4,0.0
1726557720,1.3201,1.32013,1.3201,1.32013,23.0,3,0.0
1726557780,1.32013,1.32014,1.32013,1.32014,2.0,5,0.0
1726557840,1.32014,1.32021,1.32014,1.3202,23.0,4,0.0
1726557900,1.3202,1.32023,1.32014,1.32014,12.0,4,0.0
1726557960,1.32014,1.32021,1.32013,1.32013,21.0,5,0.0
1726558020,1.32013,1.32014,1.32013,1.32013,5.0,6,0.0
1726558080,1.32014,1.32021,1.32014,1.32017,22.0,4,0.0
1726558140,1.32018,1.32021,1.32013,1.32019,18.0,3,0.0
1726558200,1.32018,1.32018,1.32012,1.32012,17.0,6,0.0
1726558260,1.32012,1.32014,1.3201,1.32012,10.0,5,0.0
1726558320,1.32012,1.32014,1.32011,1.32013,10.0,5,0.0
1726558380,1.32013,1.32014,1.32009,1.32013,15.0,5,0.0
1726558440,1.32014,1.32014,1.32012,1.32013,8.0,5,0.0
1726558500,1.32013,1.3202,1.32009,1.3202,16.0,6,0.0
1726558560,1.3202,1.32024,1.32013,1.32018,18.0,4,0.0
1726558620,1.32019,1.32021,1.32019,1.3202,15.0,3,0.0
1726558680,1.32013,1.3202,1.32013,1.32019,23.0,4,0.0
1726558740,1.32019,1.32021,1.32017,1.32018,15.0,6,0.0
1726558800,1.32017,1.32018,1.32011,1.32011,15.0,6,0.0
1726558860,1.32011,1.32011,1.32,1.32003,14.0,6,0.0
1726558920,1.32004,1.32009,1.32001,1.32007,20.0,5,0.0
1726558980,1.32008,1.32013,1.32006,1.32012,13.0,4,0.0
1726559040,1.32012,1.32012,1.32009,1.32011,12.0,5,0.0
1726559100,1.32011,1.3203,1.32009,1.3203,9.0,3,0.0
1726559160,1.32022,1.32022,1.32019,1.32021,16.0,6,0.0
1726559220,1.32021,1.32021,1.32012,1.32013,21.0,6,0.0
1726559280,1.32013,1.32014,1.32011,1.32012,24.0,6,0.0
1726559340,1.32012,1.3202,1.32009,1.32013,28.0,6,0.0
1726559400,1.32013,1.32013,1.32011,1.32012,8.0,6,0.0
1726559460,1.32012,1.32013,1.32012,1.32013,2.0,6,0.0
1726559520,1.32013,1.32013,1.3201,1.32011,7.0,6,0.0
1726559580,1.32013,1.32017,1.32013,1.32015,16.0,4,0.0
1726559640,1.32015,1.32015,1.32012,1.32013,12.0,6,0.0
1726559700,1.32013,1.32013,1.32,1.32006,15.0,5,0.0
1726559760,1.32006,1.3201,1.32006,1.32009,7.0,5,0.0
1726559820,1.32009,1.32017,1.32008,1.32017,12.0,5,0.0
1726559880,1.3202,1.32032,1.3202,1.32031,20.0,3,0.0
1726559940,1.32026,1.32032,1.32022,1.3203,17.0,5,0.0
1726560000,1.32031,1.32042,1.32031,1.32042,30.0,4,0.0
1726560060,1.32041,1.32044,1.32029,1.3203,11.0,4,0.0
1726560120,1.3203,1.3203,1.32018,1.3202,32.0,6,0.0
1726560180,1.3202,1.32021,1.32018,1.32018,13.0,6,0.0
1726560240,1.32017,1.32018,1.32009,1.32009,28.0,6,0.0
1726560300,1.3201,1.32011,1.32008,1.32011,18.0,6,0.0
1726560360,1.32011,1.32011,1.32003,1.3201,26.0,3,0.0
1726560420,1.32011,1.32011,1.32,1.32001,15.0,3,0.0
1726560480,1.32,1.32011,1.32,1.3201,21.0,5,0.0
1726560540,1.3201,1.32012,1.32008,1.32012,18.0,4,0.0
1726560600,1.32011,1.32013,1.32008,1.32011,31.0,3,0.0
1726560660,1.32011,1.32012,1.3201,1.32011,12.0,6,0.0
1726560720,1.32012,1.32012,1.3201,1.3201,10.0,6,0.0
1726560780,1.32009,1.32011,1.32009,1.3201,12.0,6,0.0
1726560840,1.3201,1.32011,1.32002,1.32011,21.0,3,0.0
1726560900,1.32011,1.32012,1.32002,1.32002,20.0,4,0.0
1726560960,1.32003,1.32012,1.32001,1.32012,34.0,4,0.0
1726561020,1.32011,1.32025,1.32011,1.32022,20.0,5,0.0
1726561080,1.32021,1.32022,1.3202,1.32021,21.0,6,0.0
1726561140,1.32021,1.32021,1.32019,1.32021,15.0,6,0.0
1726561200,1.32021,1.32021,1.3202,1.32021,5.0,6,0.0
1726561260,1.32021,1.32022,1.3202,1.32021,7.0,6,0.0
1726561320,1.32021,1.32025,1.3202,1.32021,21.0,6,0.0
1726561380,1.3202,1.32028,1.3202,1.32023,28.0,6,0.0
1726561440,1.32022,1.32039,1.32022,1.32039,24.0,3,0.0
1726561500,1.32039,1.3205,1.32039,1.3205,29.0,3,0.0
1726561560,1.3205,1.32051,1.32048,1.3205,21.0,6,0.0
1726561620,1.32049,1.3205,1.32048,1.3205,14.0,6,0.0
1726561680,1.3205,1.32051,1.32049,1.32051,14.0,6,0.0
1726561740,1.32051,1.32051,1.32049,1.32049,17.0,6,0.0
1726561800,1.32049,1.32051,1.32045,1.3205,11.0,6,0.0
1726561860,1.3205,1.3205,1.32049,1.3205,5.0,6,0.0
1726561920,1.3205,1.3206,1.32049,1.3206,5.0,6,0.0
1726561980,1.3206,1.32061,1.32059,1.3206,15.0,5,0.0
1726562040,1.3206,1.32069,1.32059,1.32068,22.0,3,0.0
1726562100,1.32068,1.32068,1.3206,1.3206,15.0,5,0.0
1726562160,1.3206,1.32067,1.32059,1.32059,25.0,4,0.0
1726562220,1.32059,1.3206,1.32059,1.3206,8.0,6,0.0
1726562280,1.3206,1.3206,1.32059,1.3206,15.0,6,0.0
1726562340,1.32059,1.32061,1.32059,1.3206,16.0,5,0.0
1726562400,1.3206,1.32067,1.32059,1.32067,12.0,5,0.0
1726562460,1.32067,1.32076,1.32067,1.32071,10.0,3,0.0
1726562520,1.3207,1.3208,1.3207,1.32079,23.0,6,0.0
1726562580,1.32079,1.32098,1.32079,1.3209,23.0,3,0.0
1726562640,1.3209,1.32091,1.32087,1.32088,21.0,6,0.0
1726562700,1.32089,1.32091,1.32069,1.3207,22.0,6,0.0
1726562760,1.3207,1.32077,1.32058,1.32067,38.0,3,0.0
1726562820,1.32067,1.32072,1.32067,1.3207,18.0,5,0.0
1726562880,1.32067,1.32071,1.32067,1.32069,19.0,6,0.0
1726562940,1.3207,1.3207,1.32057,1.32057,21.0,6,0.0
1726563000,1.32057,1.32061,1.32057,1.3206,21.0,6,0.0
1726563060,1.3206,1.32067,1.32059,1.3206,27.0,3,0.0
1726563120,1.3206,1.3206,1.32043,1.32049,18.0,4,0.0
1726563180,1.32049,1.3205,1.32048,1.3205,12.0,5,0.0
1726563240,1.3205,1.3205,1.32038,1.32039,31.0,5,0.0
1726563300,1.32042,1.32048,1.32041,1.32047,16.0,3,0.0
1726563360,1.32047,1.32059,1.32047,1.32054,30.0,4,0.0
1726563420,1.32054,1.32059,1.32048,1.32048,20.0,6,0.0
1726563480,1.32048,1.32051,1.32047,1.32047,14.0,6,0.0
1726563540,1.32048,1.32051,1.32047,1.32049,19.0,6,0.0
1726563600,1.3205,1.3208,1.32047,1.32071,46.0,4,0.0
1726563660,1.3207,1.32072,1.32065,1.32065,28.0,6,0.0
1726563720,1.32061,1.32064,1.32051,1.32055,21.0,6,0.0
1726563780,1.32055,1.32097,1.32055,1.32093,41.0,3,0.0
1726563840,1.32093,1.32101,1.32091,1.321,33.0,3,0.0
1726563900,1.321,1.32112,1.32098,1.32102,30.0,4,0.0
1726563960,1.32101,1.32104,1.32099,1.32099,13.0,6,0.0
1726564020,1.32099,1.32102,1.32094,1.32102,33.0,6,0.0
1726564080,1.32102,1.32142,1.32102,1.32138,36.0,6,0.0
1726564140,1.32137,1.32138,1.32108,1.32116,39.0,6,0.0
1726564200,1.32116,1.32116,1.32108,1.32109,23.0,6,0.0
1726564260,1.32109,1.32117,1.32107,1.32113,27.0,6,0.0
1726564320,1.32112,1.32135,1.3211,1.32121,30.0,6,0.0
1726564380,1.32121,1.32148,1.32121,1.32145,43.0,6,0.0
1726564440,1.32146,1.32147,1.32131,1.32146,33.0,6,0.0
1726564500,1.32145,1.32152,1.3214,1.32149,35.0,6,0.0
1726564560,1.32151,1.32153,1.32149,1.3215,23.0,6,0.0
1726564620,1.3215,1.32151,1.3213,1.32141,30.0,6,0.0
1726564680,1.3214,1.32147,1.32139,1.3214,27.0,6,0.0
1726564740,1.32139,1.32139,1.32113,1.32113,24.0,6,0.0
1726564800,1.32113,1.32117,1.321,1.32117,43.0,6,0.0
1726564860,1.32116,1.32116,1.32101,1.32101,41.0,6,0.0
1726564920,1.32101,1.32101,1.32089,1.32099,19.0,6,0.0
1726564980,1.32098,1.3212,1.32098,1.32119,22.0,6,0.0
1726565040,1.32115,1.32115,1.32106,1.3211,23.0,6,0.0
1726565100,1.3211,1.32124,1.3211,1.3212,26.0,6,0.0
1726565160,1.3212,1.3212,1.32116,1.3212,22.0,6,0.0
1726565220,1.32119,1.32123,1.32113,1.32116,16.0,6,0.0
1726565280,1.32115,1.32115,1.32097,1.32108,34.0,6,0.0
1726565340,1.32109,1.32117,1.32105,1.32116,26.0,6,0.0
1726565400,1.32117,1.32126,1.32115,1.32126,24.0,6,0.0
1726565460,1.32126,1.3213,1.32105,1.32108,33.0,6,0.0
1726565520,1.32108,1.32109,1.32107,1.32108,15.0,6,0.0
1726565580,1.32108,1.32109,1.32095,1.32096,20.0,6,0.0
1726565640,1.32096,1.32098,1.32088,1.32096,32.0,5,0.0
1726565700,1.32096,1.3211,1.32095,1.32108,28.0,4,0.0
1726565760,1.32108,1.32109,1.32099,1.32099,22.0,6,0.0
1726565820,1.321,1.32113,1.32098,1.32107,11.0,4,0.0
1726565880,1.32107,1.32107,1.32093,1.32096,19.0,6,0.0
1726565940,1.32095,1.32096,1.32087,1.32094,20.0,6,0.0
1726566000,1.32094,1.32094,1.32077,1.32078,18.0,6,0.0
1726566060,1.32078,1.32086,1.32078,1.32085,20.0,6,0.0
1726566120,1.32086,1.32087,1.32074,1.32085,29.0,3,0.0
1726566180,1.32085,1.32088,1.32079,1.32082,26.0,5,0.0
1726566240,1.32082,1.3209,1.32078,1.32082,28.0,6,0.0
1726566300,1.32082,1.32082,1.3207,1.32075,17.0,6,0.0
1726566360,1.32075,1.32079,1.32075,1.32079,13.0,6,0.0
1726566420,1.32079,1.32108,1.32077,1.32108,35.0,5,0.0
1726566480,1.32108,1.32108,1.32089,1.32097,30.0,6,0.0
1726566540,1.32096,1.32114,1.32096,1.32099,32.0,6,0.0
1726566600,1.32099,1.32099,1.3208,1.32085,23.0,6,0.0
1726566660,1.32085,1.32085,1.32064,1.32067,33.0,6,0.0
1726566720,1.32066,1.32068,1.32055,1.32065,30.0,6,0.0
1726566780,1.32062,1.3207,1.32057,1.32066,26.0,6,0.0
1726566840,1.32066,1.32074,1.32065,1.32066,29.0,3,0.0
1726566900,1.32064,1.32064,1.32045,1.32046,37.0,6,0.0
1726566960,1.32046,1.32047,1.32032,1.32037,34.0,6,0.0
1726567020,1.32034,1.32043,1.32034,1.32039,25.0,6,0.0
1726567080,1.32039,1.32059,1.32038,1.32055,25.0,6,0.0
1726567140,1.32055,1.32059,1.32048,1.32049,34.0,6,0.0
1726567200,1.32049,1.32063,1.32027,1.32063,65.0,4,0.0
1726567260,1.32061,1.32071,1.32058,1.3206,46.0,6,0.0
1726567320,1.32051,1.3207,1.32047,1.3207,39.0,6,0.0
1726567380,1.32069,1.32069,1.32058,1.32062,37.0,6,0.0
1726567440,1.32061,1.32068,1.32053,1.32067,29.0,6,0.0
1726567500,1.32067,1.32067,1.32049,1.32059,37.0,6,0.0
1726567560,1.32058,1.3206,1.32016,1.32021,44.0,6,0.0
1726567620,1.32022,1.32039,1.32018,1.32036,37.0,6,0.0
1726567680,1.32033,1.3206,1.32033,1.32048,43.0,6,0.0
1726567740,1.32049,1.32052,1.32043,1.32049,35.0,6,0.0
1726567800,1.32049,1.32053,1.32039,1.32052,44.0,6,0.0
1726567860,1.32052,1.32053,1.32039,1.32048,31.0,6,0.0
1726567920,1.32049,1.32051,1.32024,1.32029,50.0,6,0.0
1726567980,1.32025,1.32031,1.32007,1.32007,44.0,6,0.0
1726568040,1.32006,1.32011,1.31992,1.32006,33.0,6,0.0
1726568100,1.32003,1.32019,1.31982,1.32019,40.0,6,0.0
1726568160,1.3202,1.32041,1.3202,1.3204,50.0,6,0.0
1726568220,1.32039,1.32043,1.32033,1.32041,40.0,6,0.0
1726568280,1.32041,1.32043,1.32038,1.32038,18.0,6,0.0
1726568340,1.32038,1.32052,1.32037,1.32052,30.0,4,0.0
1726568400,1.32051,1.32059,1.32042,1.32047,31.0,6,0.0
1726568460,1.3205,1.3207,1.32047,1.32069,37.0,6,0.0
1726568520,1.32069,1.32082,1.32068,1.32079,39.0,6,0.0
1726568580,1.3208,1.32091,1.32066,1.3209,33.0,4,0.0
1726568640,1.32092,1.32092,1.32085,1.32089,46.0,6,0.0
1726568700,1.32089,1.32096,1.3208,1.32092,36.0,6,0.0
1726568760,1.32092,1.32092,1.32068,1.32069,34.0,6,0.0
1726568820,1.32068,1.32077,1.32068,1.32077,26.0,6,0.0
1726568880,1.32077,1.3209,1.32075,1.3209,29.0,6,0.0
1726568940,1.3209,1.3209,1.32078,1.32078,27.0,6,0.0
1726569000,1.32078,1.32093,1.32078,1.32087,28.0,5,0.0
1726569060,1.32089,1.32092,1.32087,1.32092,33.0,6,0.0
1726569120,1.32091,1.32103,1.32089,1.32101,28.0,6,0.0
1726569180,1.32101,1.32111,1.32077,1.3208,26.0,6,0.0
1726569240,1.32082,1.3209,1.32078,1.32089,36.0,6,0.0
1726569300,1.32089,1.32091,1.32086,1.3209,31.0,6,0.0
1726569360,1.3209,1.32112,1.32087,1.32109,28.0,6,0.0
1726569420,1.3211,1.3211,1.32082,1.32083,40.0,6,0.0
1726569480,1.3208,1.32091,1.32073,1.32079,38.0,5,0.0
1726569540,1.3208,1.32093,1.3208,1.3209,30.0,3,0.0
1726569600,1.32091,1.3213,1.32091,1.32119,42.0,4,0.0
1726569660,1.32119,1.32132,1.32119,1.32129,43.0,6,0.0
1726569720,1.32126,1.32146,1.32123,1.32139,38.0,6,0.0
1726569780,1.32139,1.32171,1.32139,1.32171,45.0,6,0.0
1726569840,1.3217,1.32171,1.32158,1.3217,39.0,6,0.0
1726569900,1.3217,1.3218,1.32149,1.32149,42.0,6,0.0
1726569960,1.32147,1.32151,1.32133,1.32137,33.0,6,0.0
1726570020,1.32137,1.32139,1.3211,1.32112,35.0,6,0.0
1726570080,1.32112,1.3212,1.32104,1.32119,40.0,3,0.0
1726570140,1.3212,1.32141,1.3212,1.32128,34.0,6,0.0
1726570200,1.32128,1.32141,1.32128,1.32134,39.0,6,0.0
1726570260,1.32135,1.32141,1.32127,1.32138,37.0,6,0.0
1726570320,1.32138,1.32151,1.32136,1.32147,45.0,6,0.0
1726570380,1.32142,1.32148,1.32123,1.32136,51.0,6,0.0
1726570440,1.32132,1.32132,1.32117,1.32129,33.0,6,0.0
1726570500,1.32129,1.32142,1.32125,1.32128,43.0,6,0.0
1726570560,1.32129,1.32129,1.32112,1.32114,45.0,6,0.0
1726570620,1.32117,1.3213,1.32116,1.32129,37.0,6,0.0
1726570680,1.3213,1.32166,1.32126,1.32163,32.0,6,0.0
1726570740,1.32161,1.32184,1.3216,1.3217,51.0,6,0.0
1726570800,1.32169,1.32172,1.32156,1.3217,35.0,6,0.0
1726570860,1.3217,1.32172,1.32156,1.32156,31.0,6,0.0
1726570920,1.32156,1.32171,1.32147,1.3216,41.0,6,0.0
1726570980,1.3216,1.32172,1.3216,1.3217,29.0,6,0.0
1726571040,1.3217,1.32187,1.32167,1.32167,39.0,6,0.0
1726571100,1.32169,1.32175,1.32149,1.32155,28.0,6,0.0
1726571160,1.32156,1.32165,1.3215,1.3215,41.0,6,0.0
1726571220,1.32154,1.32156,1.32138,1.32146,26.0,6,0.0
1726571280,1.32147,1.32153,1.3214,1.32151,24.0,6,0.0
1726571340,1.3215,1.32175,1.3215,1.32161,24.0,6,0.0
1726571400,1.32166,1.32183,1.32151,1.32156,39.0,6,0.0
1726571460,1.32152,1.32167,1.3215,1.32151,47.0,6,0.0
1726571520,1.3215,1.32158,1.32142,1.32158,45.0,4,0.0
1726571580,1.32158,1.32168,1.32145,1.32167,39.0,4,0.0
1726571640,1.32166,1.32167,1.32154,1.32159,16.0,6,0.0
1726571700,1.32157,1.3216,1.32149,1.3216,17.0,6,0.0
1726571760,1.3216,1.3217,1.32158,1.32162,24.0,6,0.0
1726571820,1.3216,1.3216,1.32146,1.32157,17.0,6,0.0
1726571880,1.32157,1.32157,1.32129,1.32129,30.0,3,0.0
1726571940,1.32131,1.32149,1.32128,1.32149,20.0,6,0.0
1726572000,1.32149,1.32152,1.32129,1.32129,26.0,6,0.0
1726572060,1.32129,1.32142,1.32129,1.3214,31.0,6,0.0
1726572120,1.3214,1.3215,1.3214,1.3215,26.0,6,0.0
1726572180,1.32149,1.32161,1.32141,1.32161,29.0,6,0.0
1726572240,1.32159,1.32161,1.3214,1.32141,28.0,6,0.0
1726572300,1.32139,1.32139,1.32124,1.3213,27.0,6,0.0
1726572360,1.3213,1.3213,1.32099,1.32099,35.0,6,0.0
1726572420,1.32102,1.32103,1.32084,1.32089,24.0,6,0.0
1726572480,1.32089,1.321,1.32083,1.32096,27.0,6,0.0
1726572540,1.32096,1.32111,1.32095,1.32109,26.0,6,0.0
1726572600,1.32109,1.32136,1.32106,1.32134,28.0,6,0.0
1726572660,1.32135,1.3215,1.32129,1.3213,28.0,6,0.0
1726572720,1.3213,1.3214,1.3213,1.32139,20.0,6,0.0
1726572780,1.32139,1.32157,1.32138,1.32156,38.0,6,0.0
1726572840,1.3215,1.32175,1.3215,1.32175,37.0,6,0.0
1726572900,1.32169,1.3217,1.3216,1.3217,20.0,6,0.0
1726572960,1.3217,1.32171,1.3216,1.3216,18.0,6,0.0
1726573020,1.3216,1.32173,1.32147,1.3216,30.0,6,0.0
1726573080,1.3216,1.32165,1.32157,1.32164,21.0,6,0.0
1726573140,1.32164,1.32191,1.3216,1.32189,38.0,6,0.0
1726573200,1.32189,1.32224,1.32181,1.32223,39.0,6,0.0
1726573260,1.32223,1.32223,1.32199,1.3222,37.0,6,0.0
1726573320,1.32219,1.3224,1.32213,1.32218,48.0,6,0.0
1726573380,1.32219,1.32219,1.32187,1.32197,43.0,6,0.0
1726573440,1.32197,1.32221,1.32197,1.3222,43.0,6,0.0
1726573500,1.32219,1.32224,1.32204,1.32223,32.0,6,0.0
1726573560,1.32223,1.32239,1.32222,1.32239,21.0,6,0.0
1726573620,1.32239,1.3224,1.32213,1.32215,23.0,6,0.0
1726573680,1.32213,1.32224,1.32204,1.32217,28.0,6,0.0
1726573740,1.32217,1.32224,1.32204,1.32209,32.0,6,0.0
1726573800,1.32208,1.3223,1.32208,1.32229,29.0,6,0.0
1726573860,1.32229,1.32231,1.32214,1.32216,39.0,6,0.0
1726573920,1.32216,1.3225,1.32212,1.32245,41.0,6,0.0
1726573980,1.32231,1.32254,1.3223,1.32253,42.0,6,0.0
1726574040,1.32256,1.32274,1.32246,1.32269,40.0,6,0.0
1726574100,1.32269,1.32279,1.32258,1.32278,47.0,2,0.0
1726574160,1.32279,1.32293,1.32275,1.32292,54.0,6,0.0
1726574220,1.32293,1.32293,1.32249,1.32269,37.0,6,0.0
1726574280,1.32268,1.32286,1.32267,1.32286,26.0,6,0.0
1726574340,1.32286,1.32289,1.32279,1.32279,34.0,6,0.0
1726574400,1.32274,1.32275,1.32219,1.32227,71.0,6,0.0
1726574460,1.32228,1.32238,1.32215,1.3223,42.0,6,0.0
1726574520,1.32232,1.32246,1.32225,1.32235,26.0,6,0.0
1726574580,1.32236,1.32251,1.32231,1.32242,47.0,6,0.0
1726574640,1.32242,1.32255,1.32236,1.32248,29.0,5,0.0
1726574700,1.32251,1.32285,1.32251,1.32269,52.0,3,0.0
1726574760,1.32269,1.3227,1.32249,1.3225,35.0,6,0.0
1726574820,1.32251,1.32261,1.3225,1.32255,36.0,6,0.0
1726574880,1.32254,1.32267,1.32254,1.32264,40.0,6,0.0
1726574940,1.3227,1.32287,1.32269,1.32276,25.0,6,0.0
1726575000,1.32274,1.32278,1.32272,1.32275,33.0,6,0.0
1726575060,1.32276,1.32285,1.32275,1.32285,23.0,6,0.0
1726575120,1.32284,1.32285,1.32273,1.32274,21.0,6,0.0
1726575180,1.32274,1.32285,1.32273,1.32273,21.0,6,0.0
1726575240,1.32274,1.32291,1.32274,1.32278,29.0,6,0.0
1726575300,1.32277,1.32284,1.32266,1.32275,26.0,6,0.0
1726575360,1.32275,1.32275,1.32253,1.32254,31.0,6,0.0
1726575420,1.32254,1.32261,1.32247,1.32255,31.0,6,0.0
1726575480,1.32255,1.32256,1.32244,1.32244,15.0,6,0.0
1726575540,1.32245,1.32251,1.32235,1.32244,39.0,6,0.0
1726575600,1.32244,1.32245,1.32212,1.32234,34.0,6,0.0
1726575660,1.32233,1.32249,1.32227,1.32249,27.0,6,0.0
1726575720,1.32254,1.32256,1.3224,1.32245,24.0,6,0.0
1726575780,1.32244,1.32256,1.32244,1.32245,27.0,6,0.0
1726575840,1.32245,1.32248,1.32243,1.32247,26.0,6,0.0
1726575900,1.32247,1.32262,1.32246,1.32255,34.0,6,0.0
1726575960,1.32255,1.32264,1.32252,1.32253,24.0,6,0.0
1726576020,1.32253,1.32253,1.32234,1.32244,24.0,6,0.0
1726576080,1.32245,1.32255,1.32242,1.32253,25.0,6,0.0
1726576140,1.32253,1.32258,1.32244,1.32244,36.0,6,0.0
1726576200,1.32244,1.32248,1.32236,1.32243,20.0,6,0.0
1726576260,1.32243,1.32243,1.32223,1.32236,25.0,5,0.0
1726576320,1.32236,1.32247,1.32224,1.32225,42.0,6,0.0
1726576380,1.32225,1.32234,1.32223,1.32225,26.0,6,0.0
1726576440,1.32225,1.32237,1.32223,1.32234,18.0,6,0.0
1726576500,1.32234,1.32239,1.32225,1.32226,17.0,6,0.0
1726576560,1.32225,1.32233,1.3222,1.32226,24.0,6,0.0
1726576620,1.32226,1.32238,1.32224,1.32228,31.0,6,0.0
1726576680,1.32228,1.32252,1.32227,1.32233,33.0,6,0.0
1726576740,1.32234,1.32246,1.32233,1.32235,37.0,6,0.0
1726576800,1.32235,1.32235,1.3222,1.32227,19.0,6,0.0
1726576860,1.32227,1.32227,1.32203,1.3221,33.0,6,0.0
1726576920,1.32208,1.3221,1.32194,1.32194,29.0,6,0.0
1726576980,1.32193,1.32194,1.3218,1.32184,32.0,6,0.0
1726577040,1.32183,1.32186,1.32177,1.32186,15.0,6,0.0
1726577100,1.32186,1.32187,1.32178,1.32184,21.0,6,0.0
1726577160,1.32184,1.32197,1.32184,1.32194,35.0,6,0.0
1726577220,1.32194,1.32206,1.32193,1.32204,25.0,6,0.0
1726577280,1.32196,1.32208,1.32195,1.32202,21.0,6,0.0
1726577340,1.32202,1.32204,1.32194,1.32196,21.0,6,0.0
1726577400,1.32196,1.3221,1.32189,1.32209,23.0,6,0.0
1726577460,1.322,1.32201,1.32188,1.32192,24.0,6,0.0
1726577520,1.32193,1.32193,1.32174,1.32183,41.0,5,0.0
1726577580,1.32183,1.32204,1.32179,1.32204,32.0,6,0.0
1726577640,1.32206,1.32214,1.32202,1.32213,33.0,6,0.0
1726577700,1.32213,1.32231,1.32212,1.32218,39.0,6,0.0
1726577760,1.32213,1.32215,1.32192,1.32204,34.0,6,0.0
1726577820,1.32205,1.32206,1.32195,1.32204,36.0,6,0.0
1726577880,1.32204,1.32217,1.32204,1.32214,26.0,6,0.0
1726577940,1.32209,1.3221,1.32203,1.32207,35.0,6,0.0
1726578000,1.32208,1.32225,1.32208,1.32217,32.0,6,0.0
1726578060,1.32217,1.32223,1.3221,1.32223,20.0,6,0.0
1726578120,1.32223,1.32242,1.32223,1.32228,25.0,6,0.0
1726578180,1.32228,1.32233,1.32216,1.32217,18.0,6,0.0
1726578240,1.32217,1.32225,1.32212,1.32225,25.0,3,0.0
1726578300,1.32225,1.32234,1.32223,1.32226,23.0,6,0.0
1726578360,1.32226,1.32227,1.32214,1.32215,12.0,6,0.0
1726578420,1.32215,1.32233,1.32215,1.32233,18.0,6,0.0
1726578480,1.32232,1.32242,1.32232,1.32233,18.0,6,0.0
1726578540,1.32234,1.32243,1.32229,1.32233,26.0,6,0.0
1726578600,1.32234,1.32245,1.32232,1.32241,20.0,6,0.0
1726578660,1.32241,1.32244,1.32233,1.32244,24.0,6,0.0
1726578720,1.32243,1.32243,1.32229,1.32231,20.0,6,0.0
1726578780,1.32231,1.32244,1.32225,1.32227,25.0,6,0.0
1726578840,1.32227,1.32229,1.32224,1.32226,17.0,6,0.0
1726578900,1.32226,1.32226,1.32192,1.32192,20.0,6,0.0
1726578960,1.32192,1.32195,1.32191,1.32191,14.0,6,0.0
1726579020,1.32193,1.32193,1.32184,1.32184,19.0,6,0.0
1726579080,1.32184,1.32186,1.32182,1.32183,17.0,6,0.0
1726579140,1.32183,1.32195,1.32182,1.32195,14.0,5,0.0
1726579200,1.32195,1.32202,1.32194,1.32195,8.0,5,0.0
1726579260,1.32201,1.32203,1.32191,1.32192,16.0,6,0.0
1726579320,1.32193,1.32193,1.32182,1.32192,13.0,6,0.0
1726579380,1.32192,1.32194,1.32184,1.32184,21.0,6,0.0
1726579440,1.32184,1.32195,1.32184,1.32195,12.0,6,0.0
1726579500,1.32195,1.32203,1.32182,1.32183,24.0,6,0.0
1726579560,1.32183,1.32183,1.32161,1.32162,19.0,3,0.0
1726579620,1.32162,1.32164,1.32152,1.32156,27.0,6,0.0
1726579680,1.32158,1.32164,1.32154,1.32164,29.0,6,0.0
1726579740,1.32165,1.3218,1.32163,1.32175,30.0,6,0.0
1726579800,1.32175,1.32188,1.32174,1.32184,19.0,6,0.0
1726579860,1.32184,1.32184,1.32162,1.32167,27.0,6,0.0
1726579920,1.32168,1.32174,1.32165,1.32167,28.0,6,0.0
1726579980,1.32166,1.32172,1.32163,1.32163,23.0,3,0.0
1726580040,1.32164,1.32167,1.32162,1.32166,19.0,6,0.0
1726580100,1.32166,1.32176,1.32166,1.32176,25.0,6,0.0
1726580160,1.32176,1.32176,1.32153,1.3216,16.0,6,0.0
1726580220,1.32159,1.32166,1.32154,1.32166,25.0,3,0.0
1726580280,1.32165,1.32165,1.32152,1.32162,21.0,6,0.0
1726580340,1.32162,1.32162,1.32153,1.32157,29.0,6,0.0
1726580400,1.32156,1.32161,1.32135,1.32135,28.0,6,0.0
1726580460,1.32134,1.32143,1.32106,1.32106,52.0,6,0.0
1726580520,1.32105,1.32113,1.32099,1.32102,33.0,6,0.0
1726580580,1.32102,1.32109,1.32096,1.321,35.0,6,0.0
1726580640,1.32099,1.32122,1.32099,1.32122,28.0,6,0.0
1726580700,1.32119,1.32129,1.32119,1.32125,23.0,6,0.0
1726580760,1.32125,1.32129,1.32118,1.32119,35.0,6,0.0
1726580820,1.3212,1.32121,1.32117,1.32121,17.0,6,0.0
1726580880,1.32123,1.32125,1.32111,1.32112,32.0,6,0.0
1726580940,1.32112,1.3212,1.32102,1.3211,21.0,6,0.0
1726581000,1.3211,1.32114,1.32101,1.32102,19.0,4,0.0
1726581060,1.32102,1.32114,1.32101,1.32108,27.0,4,0.0
1726581120,1.32109,1.32132,1.32109,1.32131,26.0,4,0.0
1726581180,1.32131,1.32131,1.32119,1.32121,29.0,6,0.0
1726581240,1.32122,1.32122,1.32102,1.3211,19.0,6,0.0
1726581300,1.32109,1.32114,1.32101,1.32109,25.0,6,0.0
1726581360,1.32109,1.32109,1.321,1.32104,27.0,6,0.0
1726581420,1.32104,1.32114,1.32099,1.32099,33.0,6,0.0
1726581480,1.32102,1.32113,1.32093,1.32102,42.0,6,0.0
1726581540,1.32102,1.32111,1.32102,1.32111,20.0,6,0.0
1726581600,1.32111,1.32121,1.32109,1.32113,27.0,6,0.0
1726581660,1.32113,1.32115,1.32109,1.32114,17.0,6,0.0
2024-09-18 03:31:00,1.31684,1.31685,1.3167499999999999,1.3167900000000001,27.0,6,0.0
2024-09-18 03:32:00,1.31678,1.31685,1.31674,1.3167499999999999,30.0,6,0.0
2024-09-18 03:33:00,1.3167499999999999,1.31694,1.3167499999999999,1.31694,29.0,6,0.0
2024-09-18 03:34:00,1.31693,1.31694,1.31683,1.31683,37.0,6,0.0
2024-09-18 03:35:00,1.31684,1.31686,1.31673,1.3167499999999999,21.0,6,0.0
2024-09-18 03:36:00,1.3167499999999999,1.31676,1.31667,1.3167499999999999,25.0,6,0.0
2024-09-18 03:37:00,1.3167499999999999,1.31685,1.3167499999999999,1.3167499999999999,25.0,5,0.0
2024-09-18 03:38:00,1.31676,1.31676,1.31673,1.3167499999999999,16.0,6,0.0
2024-09-18 03:39:00,1.31674,1.31677,1.31674,1.3167499999999999,15.0,6,0.0
2024-09-18 03:40:00,1.3167499999999999,1.31676,1.31668,1.31668,15.0,6,0.0
2024-09-18 03:41:00,1.31668,1.31678,1.31667,1.31678,16.0,6,0.0
2024-09-18 03:42:00,1.31678,1.31684,1.31674,1.3167499999999999,29.0,5,0.0
2024-09-18 03:43:00,1.3167499999999999,1.3167499999999999,1.31671,1.3167499999999999,12.0,6,0.0
2024-09-18 03:44:00,1.3167499999999999,1.31684,1.31674,1.31678,29.0,5,0.0
2024-09-18 03:45:00,1.3167900000000001,1.31683,1.31674,1.31674,29.0,6,0.0
2024-09-18 03:46:00,1.3167499999999999,1.31683,1.31671,1.31676,25.0,6,0.0
2024-09-18 03:47:00,1.31676,1.31686,1.31676,1.31686,9.0,3,0.0
2024-09-18 03:48:00,1.31686,1.31686,1.31677,1.31678,17.0,3,0.0
2024-09-18 03:49:00,1.31677,1.3168,1.3167499999999999,1.31676,27.0,6,0.0
2024-09-18 03:50:00,1.3167499999999999,1.31686,1.31669,1.3167900000000001,26.0,3,0.0
2024-09-18 03:51:00,1.3167900000000001,1.31685,1.31676,1.3168,17.0,4,0.0
2024-09-18 03:52:00,1.3168,1.31699,1.3168,1.31695,30.0,3,0.0
2024-09-18 03:53:00,1.31699,1.31702,1.31686,1.31696,34.0,6,0.0
2024-09-18 03:54:00,1.31697,1.31708,1.31695,1.31705,47.0,6,0.0
2024-09-18 03:55:00,1.31705,1.31707,1.31686,1.31687,52.0,6,0.0
2024-09-18 03:56:00,1.31685,1.31698,1.31685,1.31697,37.0,6,0.0
2024-09-18 03:57:00,1.31698,1.31698,1.31683,1.31686,29.0,6,0.0
2024-09-18 03:58:00,1.31685,1.31696,1.31685,1.3169,35.0,6,0.0
2024-09-18 03:59:00,1.31689,1.31689,1.31676,1.31686,33.0,6,0.0
2024-09-18 04:00:00,1.31686,1.3171599999999999,1.31686,1.3171599999999999,39.0,4,0.0
2024-09-18 04:01:00,1.3171599999999999,1.31722,1.31704,1.31708,41.0,6,0.0
2024-09-18 04:02:00,1.31708,1.3171599999999999,1.3170600000000001,1.31714,38.0,6,0.0
2024-09-18 04:03:00,1.31712,1.31718,1.31712,1.31715,25.0,5,0.0
2024-09-18 04:04:00,1.31714,1.31718,1.31705,1.3170600000000001,30.0,5,0.0
2024-09-18 04:05:00,1.31705,1.3171599999999999,1.31705,1.31705,33.0,6,0.0
2024-09-18 04:06:00,1.31705,1.31705,1.31695,1.31695,30.0,6,0.0
2024-09-18 04:07:00,1.31695,1.31707,1.31695,1.3170600000000001,30.0,6,0.0
2024-09-18 04:08:00,1.3170600000000001,1.31717,1.31697,1.3171599999999999,42.0,6,0.0
2024-09-18 04:09:00,1.3171599999999999,1.31718,1.3170600000000001,1.3171,43.0,6,0.0
2024-09-18 04:10:00,1.3171,1.31719,1.3170600000000001,1.3170600000000001,41.0,6,0.0
2024-09-18 04:11:00,1.3170600000000001,1.31707,1.31696,1.31697,29.0,6,0.0
2024-09-18 04:12:00,1.31695,1.31697,1.31686,1.31688,49.0,6,0.0
2024-09-18 04:13:00,1.31688,1.31689,1.31683,1.31685,27.0,6,0.0
2024-09-18 04:14:00,1.31686,1.31688,1.3168199999999999,1.31687,22.0,6,0.0
2024-09-18 04:15:00,1.31687,1.31704,1.31683,1.31692,35.0,6,0.0
2024-09-18 04:16:00,1.3169,1.31691,1.31677,1.31686,38.0,6,0.0
2024-09-18 04:17:00,1.31686,1.31688,1.31677,1.31688,25.0,6,0.0
2024-09-18 04:18:00,1.31687,1.31688,1.31685,1.31687,28.0,6,0.0
2024-09-18 04:19:00,1.31687,1.31689,1.31685,1.31688,13.0,6,0.0
2024-09-18 04:20:00,1.31688,1.31698,1.31688,1.31697,26.0,6,0.0
2024-09-18 04:21:00,1.31697,1.31708,1.31697,1.31708,21.0,6,0.0
2024-09-18 04:22:00,1.31708,1.31711,1.3170600000000001,1.31707,12.0,6,0.0
2024-09-18 04:23:00,1.31707,1.31708,1.31694,1.31694,31.0,6,0.0
2024-09-18 04:24:00,1.31694,1.31695,1.31687,1.31688,29.0,6,0.0
2024-09-18 04:25:00,1.31688,1.31689,1.31683,1.31684,21.0,6,0.0
2024-09-18 04:26:00,1.31681,1.31684,1.3167499999999999,1.31678,23.0,6,0.0
2024-09-18 04:27:00,1.31678,1.3167900000000001,1.31673,1.31677,20.0,6,0.0
2024-09-18 04:28:00,1.3167499999999999,1.31678,1.31668,1.3167499999999999,29.0,6,0.0
2024-09-18 04:29:00,1.3167499999999999,1.3167499999999999,1.31659,1.31659,17.0,6,0.0
2024-09-18 04:30:00,1.31659,1.31659,1.31656,1.31658,7.0,6,0.0
2024-09-18 04:31:00,1.31658,1.31659,1.3165499999999999,1.31658,19.0,6,0.0
2024-09-18 04:32:00,1.31658,1.31676,1.31658,1.31673,31.0,6,0.0
2024-09-18 04:33:00,1.31674,1.31674,1.31663,1.31665,25.0,6,0.0
2024-09-18 04:34:00,1.31665,1.31668,1.31657,1.31657,20.0,6,0.0
2024-09-18 04:35:00,1.31657,1.31657,1.31647,1.31649,16.0,6,0.0
2024-09-18 04:36:00,1.31649,1.31659,1.31649,1.31658,18.0,6,0.0
2024-09-18 04:37:00,1.31656,1.31658,1.3164799999999999,1.3164799999999999,26.0,6,0.0
2024-09-18 04:38:00,1.3164799999999999,1.31658,1.3164799999999999,1.31658,23.0,6,0.0
2024-09-18 04:39:00,1.31658,1.31674,1.31656,1.31674,25.0,3,0.0
2024-09-18 04:40:00,1.3167200000000001,1.3168,1.31669,1.31678,14.0,6,0.0
2024-09-18 04:41:00,1.31678,1.31687,1.31669,1.31669,24.0,6,0.0
2024-09-18 04:42:00,1.31668,1.31678,1.31668,1.31678,19.0,6,0.0
2024-09-18 04:43:00,1.31678,1.3167900000000001,1.31666,1.31667,25.0,6,0.0
2024-09-18 04:44:00,1.31667,1.31676,1.31663,1.3167200000000001,21.0,6,0.0
2024-09-18 04:45:00,1.3167200000000001,1.31678,1.31669,1.31678,35.0,6,0.0
2024-09-18 04:46:00,1.31677,1.31678,1.3167499999999999,1.3167499999999999,13.0,6,0.0
2024-09-18 04:47:00,1.3167499999999999,1.31677,1.31666,1.31667,18.0,6,0.0
2024-09-18 04:48:00,1.31667,1.3167499999999999,1.3166,1.31663,42.0,6,0.0
2024-09-18 04:49:00,1.31663,1.31667,1.31663,1.31667,25.0,6,0.0
2024-09-18 04:50:00,1.31666,1.31677,1.31666,1.31676,21.0,6,0.0
2024-09-18 04:51:00,1.31676,1.31678,1.31674,1.31677,22.0,6,0.0
2024-09-18 04:52:00,1.31678,1.31678,1.31674,1.31677,15.0,6,0.0
2024-09-18 04:53:00,1.31677,1.31677,1.31673,1.31674,24.0,6,0.0
2024-09-18 04:54:00,1.31673,1.31676,1.31665,1.3167499999999999,47.0,6,0.0
2024-09-18 04:55:00,1.3167499999999999,1.31678,1.3167499999999999,1.31676,37.0,6,0.0
2024-09-18 04:56:00,1.31676,1.31683,1.31673,1.31676,40.0,6,0.0
2024-09-18 04:57:00,1.31677,1.31692,1.31676,1.31686,34.0,3,0.0
2024-09-18 04:58:00,1.31687,1.31687,1.3167900000000001,1.3167900000000001,26.0,6,0.0
2024-09-18 04:59:00,1.3168,1.31683,1.31673,1.31674,15.0,6,0.0
2024-09-18 05:00:00,1.31674,1.31687,1.31673,1.3167900000000001,43.0,6,0.0
2024-09-18 05:01:00,1.31678,1.31681,1.31673,1.31673,39.0,6,0.0
2024-09-18 05:02:00,1.31673,1.31677,1.31673,1.3167499999999999,28.0,6,0.0
2024-09-18 05:03:00,1.31674,1.31676,1.3167200000000001,1.3167499999999999,17.0,6,0.0
2024-09-18 05:04:00,1.3167499999999999,1.3167499999999999,1.31664,1.31664,33.0,6,0.0
2024-09-18 05:05:00,1.31665,1.31667,1.31654,1.3165499999999999,28.0,6,0.0
2024-09-18 05:06:00,1.31656,1.31656,1.3164500000000001,1.31646,35.0,6,0.0
2024-09-18 05:07:00,1.31646,1.31646,1.31637,1.31646,26.0,6,0.0
2024-09-18 05:08:00,1.3164500000000001,1.3164799999999999,1.31643,1.3164799999999999,19.0,6,0.0
2024-09-18 05:09:00,1.3165,1.31657,1.3164799999999999,1.3165499999999999,26.0,6,0.0
2024-09-18 05:10:00,1.31654,1.31657,1.3165200000000001,1.3165200000000001,21.0,6,0.0
2024-09-18 05:11:00,1.3164500000000001,1.31647,1.31637,1.31637,23.0,6,0.0
2024-09-18 05:12:00,1.31637,1.31638,1.31636,1.31637,10.0,6,0.0
2024-09-18 05:13:00,1.31637,1.31637,1.31635,1.31637,15.0,6,0.0
2024-09-18 05:14:00,1.31636,1.31638,1.31632,1.31638,27.0,6,0.0
2024-09-18 05:15:00,1.31638,1.31646,1.31637,1.31644,11.0,6,0.0
2024-09-18 05:16:00,1.31644,1.3164500000000001,1.31627,1.31628,16.0,6,0.0
2024-09-18 05:17:00,1.31628,1.31635,1.31626,1.31626,17.0,6,0.0
2024-09-18 05:18:00,1.31625,1.31626,1.31612,1.3161399999999999,21.0,6,0.0
2024-09-18 05:19:00,1.3161399999999999,1.31624,1.3161399999999999,1.31623,14.0,4,0.0
2024-09-18 05:20:00,1.31624,1.31624,1.31619,1.31619,3.0,4,0.0
2024-09-18 05:21:00,1.31615,1.3162099999999999,1.31615,1.31619,4.0,6,0.0
2024-09-18 05:22:00,1.31619,1.31624,1.3161800000000001,1.31624,17.0,4,0.0
2024-09-18 05:23:00,1.31624,1.31624,1.31619,1.31619,6.0,4,0.0
2024-09-18 05:24:00,1.31619,1.31623,1.31619,1.3162,15.0,5,0.0
2024-09-18 05:25:00,1.31619,1.31625,1.31619,1.31624,16.0,3,0.0
2024-09-18 05:26:00,1.31624,1.31625,1.3162,1.31624,11.0,6,0.0
2024-09-18 05:27:00,1.31624,1.31625,1.31624,1.31625,2.0,6,0.0
2024-09-18 05:28:00,1.31623,1.31624,1.3161399999999999,1.31617,14.0,6,0.0
2024-09-18 05:29:00,1.31616,1.31623,1.31616,1.3161800000000001,8.0,4,0.0
2024-09-18 05:30:00,1.31619,1.31624,1.31617,1.31624,18.0,3,0.0
2024-09-18 05:31:00,1.31624,1.31626,1.31624,1.31626,7.0,3,0.0
2024-09-18 05:32:00,1.31626,1.31626,1.31624,1.31624,4.0,6,0.0
2024-09-18 05:33:00,1.31624,1.31624,1.31619,1.31624,9.0,6,0.0
2024-09-18 05:34:00,1.31624,1.31629,1.31623,1.31627,17.0,6,0.0
2024-09-18 05:35:00,1.31627,1.31629,1.31626,1.31627,10.0,6,0.0
2024-09-18 05:36:00,1.31627,1.31628,1.31622,1.31623,17.0,6,0.0
2024-09-18 05:37:00,1.31623,1.31641,1.31623,1.31637,22.0,5,0.0
2024-09-18 05:38:00,1.31637,1.3164799999999999,1.31637,1.31646,17.0,6,0.0
2024-09-18 05:39:00,1.31646,1.31646,1.31633,1.31633,13.0,6,0.0
2024-09-18 05:40:00,1.31636,1.31639,1.31635,1.31637,15.0,6,0.0
2024-09-18 05:41:00,1.31637,1.31637,1.31628,1.31632,11.0,6,0.0
2024-09-18 05:42:00,1.31631,1.31635,1.31628,1.31629,9.0,5,0.0
2024-09-18 05:43:00,1.31629,1.31629,1.31619,1.31619,21.0,6,0.0
2024-09-18 05:44:00,1.31619,1.31624,1.3161800000000001,1.31622,12.0,6,0.0
2024-09-18 05:45:00,1.31623,1.31627,1.31619,1.31619,15.0,4,0.0
2024-09-18 05:46:00,1.31622,1.31628,1.31622,1.31628,23.0,3,0.0
2024-09-18 05:47:00,1.31628,1.31629,1.31626,1.31628,6.0,3,0.0
2024-09-18 05:48:00,1.31628,1.31638,1.31627,1.31629,20.0,6,0.0
2024-09-18 05:49:00,1.31629,1.31629,1.31626,1.31628,19.0,6,0.0
2024-09-18 05:50:00,1.31628,1.31639,1.31627,1.31638,17.0,3,0.0
2024-09-18 05:51:00,1.31637,1.31639,1.31632,1.31639,29.0,6,0.0
2024-09-18 05:52:00,1.31639,1.31639,1.31628,1.31628,36.0,6,0.0
2024-09-18 05:53:00,1.3163,1.31631,1.31625,1.31626,22.0,6,0.0
2024-09-18 05:54:00,1.31627,1.31628,1.31625,1.31626,20.0,6,0.0
2024-09-18 05:55:00,1.31626,1.31638,1.31626,1.31637,23.0,3,0.0
2024-09-18 05:56:00,1.31637,1.31644,1.31637,1.3164,14.0,6,0.0
2024-09-18 05:57:00,1.31639,1.31641,1.31639,1.31641,3.0,6,0.0
2024-09-18 05:58:00,1.3164,1.31649,1.3164,1.3164500000000001,32.0,4,0.0
2024-09-18 05:59:00,1.31644,1.31656,1.31639,1.31656,34.0,4,0.0
2024-09-18 06:00:00,1.31659,1.31668,1.31657,1.31666,23.0,3,0.0
2024-09-18 06:01:00,1.31666,1.31666,1.31651,1.31651,28.0,6,0.0
2024-09-18 06:02:00,1.3165200000000001,1.31656,1.31647,1.31647,32.0,6,0.0
2024-09-18 06:03:00,1.3164799999999999,1.31656,1.3164500000000001,1.3165499999999999,18.0,4,0.0
2024-09-18 06:04:00,1.31656,1.31659,1.31649,1.31653,22.0,3,0.0
2024-09-18 06:05:00,1.31653,1.31657,1.31651,1.31656,14.0,6,0.0
2024-09-18 06:06:00,1.31656,1.31668,1.31656,1.31668,14.0,6,0.0
2024-09-18 06:07:00,1.31668,1.31668,1.31659,1.31659,19.0,6,0.0
2024-09-18 06:08:00,1.31659,1.31659,1.31656,1.31657,7.0,6,0.0
2024-09-18 06:09:00,1.31658,1.31658,1.31644,1.3164799999999999,24.0,6,0.0
2024-09-18 06:10:00,1.3164799999999999,1.31649,1.31643,1.31649,9.0,6,0.0
2024-09-18 06:11:00,1.31647,1.3165499999999999,1.31647,1.3164799999999999,10.0,4,0.0
2024-09-18 06:12:00,1.31646,1.31646,1.31637,1.31639,10.0,6,0.0
2024-09-18 06:13:00,1.31639,1.31644,1.31635,1.31638,21.0,6,0.0
2024-09-18 06:14:00,1.31639,1.3164500000000001,1.31637,1.31644,12.0,6,0.0
2024-09-18 06:15:00,1.31644,1.31644,1.31638,1.31639,8.0,6,0.0
2024-09-18 06:16:00,1.31639,1.31644,1.31637,1.31643,22.0,6,0.0
2024-09-18 06:17:00,1.31644,1.3164500000000001,1.31636,1.31638,20.0,6,0.0
2024-09-18 06:18:00,1.31637,1.31638,1.31635,1.31637,8.0,6,0.0
2024-09-18 06:19:00,1.31637,1.31639,1.31633,1.31637,15.0,6,0.0
2024-09-18 06:20:00,1.31637,1.31649,1.31637,1.31647,18.0,6,0.0
2024-09-18 06:21:00,1.31647,1.31649,1.31646,1.3164799999999999,10.0,6,0.0
2024-09-18 06:22:00,1.31649,1.31656,1.3164799999999999,1.31654,7.0,6,0.0
2024-09-18 06:23:00,1.31654,1.31659,1.31651,1.3165499999999999,12.0,6,0.0
2024-09-18 06:24:00,1.3165499999999999,1.31659,1.31654,1.31659,10.0,6,0.0
2024-09-18 06:25:00,1.31659,1.31669,1.31659,1.31667,13.0,6,0.0
2024-09-18 06:26:00,1.31667,1.31669,1.31665,1.31665,11.0,6,0.0
2024-09-18 06:27:00,1.31665,1.31665,1.31665,1.31665,1.0,7,0.0
2024-09-18 06:28:00,1.31665,1.31665,1.31664,1.31665,3.0,6,0.0
2024-09-18 06:29:00,1.31665,1.31665,1.31665,1.31665,1.0,7,0.0
2024-09-18 06:30:00,1.31665,1.31665,1.3166,1.31665,12.0,6,0.0
2024-09-18 06:31:00,1.31665,1.31666,1.31665,1.31666,2.0,6,0.0
2024-09-18 06:32:00,1.31665,1.31665,1.31658,1.31664,10.0,6,0.0
2024-09-18 06:33:00,1.31664,1.31664,1.31654,1.31656,16.0,6,0.0
2024-09-18 06:34:00,1.31656,1.31658,1.31656,1.31656,4.0,7,0.0
2024-09-18 06:35:00,1.31656,1.31657,1.3165499999999999,1.31656,8.0,7,0.0
2024-09-18 06:36:00,1.31656,1.31658,1.31654,1.31657,15.0,6,0.0
2024-09-18 06:37:00,1.31657,1.31658,1.31654,1.31657,12.0,6,0.0
2024-09-18 06:38:00,1.31657,1.31659,1.31656,1.31658,11.0,6,0.0
2024-09-18 06:39:00,1.31658,1.31659,1.31654,1.31657,11.0,6,0.0
2024-09-18 06:40:00,1.3165499999999999,1.31658,1.31653,1.31656,22.0,6,0.0
2024-09-18 06:41:00,1.31657,1.31659,1.3165499999999999,1.31656,22.0,6,0.0
2024-09-18 06:42:00,1.31656,1.31658,1.31647,1.31647,13.0,7,0.0
2024-09-18 06:43:00,1.31646,1.3164799999999999,1.31646,1.3164799999999999,11.0,7,0.0
2024-09-18 06:44:00,1.3164799999999999,1.31649,1.3164500000000001,1.31647,13.0,7,0.0
2024-09-18 06:45:00,1.31647,1.31649,1.31644,1.31647,17.0,6,0.0
2024-09-18 06:46:00,1.3164799999999999,1.3164799999999999,1.31643,1.3164799999999999,13.0,7,0.0
2024-09-18 06:47:00,1.3164799999999999,1.3164799999999999,1.31647,1.3164799999999999,7.0,7,0.0
2024-09-18 06:48:00,1.3164799999999999,1.3164799999999999,1.31637,1.31638,10.0,7,0.0
2024-09-18 06:49:00,1.31638,1.31639,1.31636,1.31638,11.0,7,0.0
2024-09-18 06:50:00,1.31638,1.31638,1.31628,1.31629,16.0,7,0.0
2024-09-18 06:51:00,1.31629,1.31629,1.31624,1.31629,8.0,7,0.0
2024-09-18 06:52:00,1.31628,1.31635,1.31628,1.31635,7.0,3,0.0
2024-09-18 06:53:00,1.31635,1.31636,1.31633,1.31634,15.0,7,0.0
2024-09-18 06:54:00,1.31635,1.31639,1.31633,1.31637,16.0,6,0.0
2024-09-18 06:55:00,1.31637,1.31639,1.31636,1.31639,8.0,6,0.0
2024-09-18 06:56:00,1.31639,1.3164500000000001,1.31639,1.31644,8.0,6,0.0
2024-09-18 06:57:00,1.31643,1.3164500000000001,1.31643,1.3164500000000001,21.0,6,0.0
2024-09-18 06:58:00,1.3164500000000001,1.3164500000000001,1.3164,1.31641,20.0,6,0.0
2024-09-18 06:59:00,1.31641,1.31647,1.31639,1.31647,22.0,3,0.0
2024-09-18 07:00:00,1.31647,1.3164799999999999,1.31633,1.31633,27.0,6,0.0
2024-09-18 07:01:00,1.31633,1.31638,1.31633,1.31638,19.0,6,0.0
2024-09-18 07:02:00,1.31637,1.31638,1.31628,1.31636,15.0,3,0.0
2024-09-18 07:03:00,1.31636,1.31638,1.31636,1.31638,9.0,3,0.0
2024-09-18 07:04:00,1.31638,1.31639,1.31637,1.31638,6.0,6,0.0
2024-09-18 07:05:00,1.31638,1.3164799999999999,1.31638,1.31646,15.0,6,0.0
2024-09-18 07:06:00,1.31642,1.31646,1.31642,1.31644,14.0,6,0.0
2024-09-18 07:07:00,1.31644,1.31644,1.31636,1.31636,18.0,7,0.0
2024-09-18 07:08:00,1.31637,1.31646,1.31637,1.31644,16.0,3,0.0
2024-09-18 07:09:00,1.3164500000000001,1.3164500000000001,1.31639,1.31643,21.0,6,0.0
2024-09-18 07:10:00,1.3164500000000001,1.31647,1.31639,1.3164500000000001,17.0,4,0.0
2024-09-18 07:11:00,1.3164500000000001,1.31649,1.31644,1.31649,10.0,5,0.0
2024-09-18 07:12:00,1.31649,1.31649,1.31646,1.31647,14.0,7,0.0
2024-09-18 07:13:00,1.31647,1.3164799999999999,1.31642,1.31642,25.0,7,0.0
2024-09-18 07:14:00,1.31643,1.31649,1.31639,1.31649,14.0,3,0.0
2024-09-18 07:15:00,1.31649,1.31649,1.31638,1.31639,12.0,3,0.0
2024-09-18 07:16:00,1.31639,1.3164,1.31637,1.31638,7.0,7,0.0
2024-09-18 07:17:00,1.31639,1.31639,1.31637,1.31638,3.0,7,0.0
2024-09-18 07:18:00,1.31638,1.3164,1.31629,1.3164,12.0,3,0.0
2024-09-18 07:19:00,1.31639,1.31639,1.31635,1.31637,12.0,7,0.0
2024-09-18 07:20:00,1.31638,1.31638,1.3163,1.31634,13.0,7,0.0
2024-09-18 07:21:00,1.31634,1.31636,1.31629,1.31636,16.0,7,0.0
2024-09-18 07:22:00,1.31636,1.31637,1.31634,1.31637,18.0,7,0.0
2024-09-18 07:23:00,1.31637,1.31637,1.31626,1.31627,13.0,7,0.0
2024-09-18 07:24:00,1.31627,1.3163,1.31627,1.31629,10.0,7,0.0
2024-09-18 07:25:00,1.31628,1.3163,1.31625,1.31629,16.0,7,0.0
2024-09-18 07:26:00,1.31629,1.3163,1.31627,1.31629,8.0,7,0.0
2024-09-18 07:27:00,1.31629,1.31629,1.31628,1.31629,7.0,7,0.0
2024-09-18 07:28:00,1.31629,1.3163,1.31627,1.31629,15.0,7,0.0
2024-09-18 07:29:00,1.31629,1.31631,1.31628,1.3163,10.0,6,0.0
2024-09-18 07:30:00,1.3163,1.31638,1.31629,1.31634,11.0,6,0.0
2024-09-18 07:31:00,1.31634,1.31635,1.31628,1.31629,11.0,7,0.0
2024-09-18 07:32:00,1.31629,1.3163,1.31625,1.31627,14.0,7,0.0
2024-09-18 07:33:00,1.31627,1.31629,1.31619,1.31619,12.0,7,0.0
2024-09-18 07:34:00,1.31619,1.31619,1.31609,1.31617,29.0,3,0.0
2024-09-18 07:35:00,1.3161800000000001,1.31619,1.31615,1.31615,11.0,3,0.0
2024-09-18 07:36:00,1.31617,1.31619,1.31615,1.31615,12.0,3,0.0
2024-09-18 07:37:00,1.31616,1.31619,1.31615,1.3161800000000001,19.0,3,0.0
2024-09-18 07:38:00,1.31617,1.31625,1.31617,1.31619,8.0,3,0.0
2024-09-18 07:39:00,1.31619,1.31619,1.31619,1.31619,1.0,7,0.0
2024-09-18 07:40:00,1.31619,1.31619,1.31617,1.31619,6.0,6,0.0
2024-09-18 07:41:00,1.31617,1.31619,1.3161399999999999,1.31615,18.0,6,0.0
2024-09-18 07:42:00,1.31615,1.31615,1.31613,1.31615,7.0,6,0.0
2024-09-18 07:43:00,1.3161399999999999,1.3161800000000001,1.3161399999999999,1.31615,11.0,6,0.0
2024-09-18 07:44:00,1.31615,1.3161800000000001,1.31615,1.3161800000000001,5.0,6,0.0
2024-09-18 07:45:00,1.3161800000000001,1.3161800000000001,1.31615,1.31617,11.0,6,0.0
2024-09-18 07:46:00,1.31617,1.31617,1.31605,1.31609,21.0,6,0.0
2024-09-18 07:47:00,1.31609,1.31609,1.31599,1.31602,17.0,6,0.0
2024-09-18 07:48:00,1.31602,1.31604,1.31599,1.31599,4.0,6,0.0
2024-09-18 07:49:00,1.31599,1.31602,1.31597,1.31599,13.0,6,0.0
2024-09-18 07:50:00,1.31599,1.31608,1.31599,1.31607,12.0,3,0.0
2024-09-18 07:51:00,1.31608,1.31608,1.31608,1.31608,1.0,7,0.0
2024-09-18 07:52:00,1.31608,1.31608,1.31598,1.31599,8.0,6,0.0
2024-09-18 07:53:00,1.31599,1.316,1.31585,1.3158699999999999,13.0,6,0.0
2024-09-18 07:54:00,1.31586,1.31589,1.31579,1.3158400000000001,20.0,6,0.0
2024-09-18 07:55:00,1.3158400000000001,1.31585,1.31579,1.3158400000000001,19.0,6,0.0
2024-09-18 07:56:00,1.31585,1.31585,1.31579,1.3158400000000001,27.0,6,0.0
2024-09-18 07:57:00,1.31585,1.31585,1.31579,1.3158,36.0,6,0.0
2024-09-18 07:58:00,1.3158,1.31586,1.31579,1.3158400000000001,27.0,6,0.0
2024-09-18 07:59:00,1.31585,1.31588,1.3158400000000001,1.31588,16.0,4,0.0
2024-09-18 08:00:00,1.3158699999999999,1.31588,1.31585,1.3158699999999999,21.0,4,0.0
2024-09-18 08:01:00,1.3158699999999999,1.31599,1.31586,1.31599,38.0,3,0.0
2024-09-18 08:02:00,1.31599,1.316,1.3159399999999999,1.31595,12.0,5,0.0
2024-09-18 08:03:00,1.31595,1.31595,1.31585,1.3158699999999999,35.0,6,0.0
2024-09-18 08:04:00,1.31585,1.31586,1.31575,1.31576,25.0,6,0.0
2024-09-18 08:05:00,1.31576,1.31576,1.31565,1.31573,21.0,4,0.0
2024-09-18 08:06:00,1.31572,1.31575,1.31568,1.31568,20.0,3,0.0
2024-09-18 08:07:00,1.31572,1.31578,1.31572,1.31576,14.0,6,0.0
2024-09-18 08:08:00,1.31577,1.31583,1.31575,1.31577,27.0,6,0.0
2024-09-18 08:09:00,1.31577,1.31579,1.31576,1.31578,17.0,6,0.0
2024-09-18 08:10:00,1.31577,1.31577,1.31575,1.31576,46.0,6,0.0
2024-09-18 08:11:00,1.31576,1.31577,1.31574,1.31575,33.0,6,0.0
2024-09-18 08:12:00,1.31576,1.31576,1.31565,1.31572,41.0,5,0.0
2024-09-18 08:13:00,1.31572,1.31576,1.31567,1.31575,31.0,3,0.0
2024-09-18 08:14:00,1.31575,1.31576,1.31573,1.31574,11.0,3,0.0
2024-09-18 08:15:00,1.31573,1.31573,1.31567,1.31573,12.0,6,0.0
2024-09-18 08:16:00,1.31573,1.31573,1.31569,1.31572,8.0,6,0.0
2024-09-18 08:17:00,1.31572,1.31572,1.31566,1.31566,23.0,6,0.0
2024-09-18 08:18:00,1.31566,1.31568,1.31564,1.31568,19.0,6,0.0
2024-09-18 08:19:00,1.31567,1.31568,1.31566,1.31566,14.0,4,0.0
2024-09-18 08:20:00,1.31566,1.31568,1.31566,1.31567,11.0,6,0.0
2024-09-18 08:21:00,1.31567,1.31574,1.31567,1.31573,12.0,4,0.0
2024-09-18 08:22:00,1.31574,1.31575,1.31568,1.3157,20.0,6,0.0
2024-09-18 08:23:00,1.3157,1.31573,1.31567,1.31571,39.0,6,0.0
2024-09-18 08:24:00,1.31571,1.31572,1.31567,1.31568,47.0,6,0.0
2024-09-18 08:25:00,1.31568,1.31574,1.31567,1.31574,10.0,5,0.0
2024-09-18 08:26:00,1.31574,1.31574,1.31569,1.31569,7.0,5,0.0
2024-09-18 08:27:00,1.31569,1.31574,1.31569,1.31574,9.0,5,0.0
2024-09-18 08:28:00,1.31574,1.31575,1.31573,1.31574,11.0,4,0.0
2024-09-18 08:29:00,1.31574,1.31574,1.31572,1.31573,14.0,5,0.0
2024-09-18 08:30:00,1.31573,1.31574,1.31565,1.31566,18.0,5,0.0
2024-09-18 08:31:00,1.31566,1.31568,1.31565,1.31566,20.0,6,0.0
2024-09-18 08:32:00,1.31567,1.31569,1.31564,1.31567,26.0,6,0.0
2024-09-18 08:33:00,1.31567,1.31569,1.31566,1.31568,21.0,6,0.0
2024-09-18 08:34:00,1.31567,1.31568,1.31566,1.31566,20.0,6,0.0
2024-09-18 08:35:00,1.31566,1.31567,1.31565,1.31567,24.0,6,0.0
2024-09-18 08:36:00,1.31567,1.31569,1.31564,1.31566,22.0,6,0.0
2024-09-18 08:37:00,1.31566,1.31568,1.31565,1.31567,29.0,6,0.0
2024-09-18 08:38:00,1.31567,1.31569,1.31566,1.31567,30.0,6,0.0
2024-09-18 08:39:00,1.31567,1.31568,1.31565,1.31567,42.0,6,0.0
2024-09-18 08:40:00,1.31567,1.31569,1.31565,1.31566,37.0,6,0.0
2024-09-18 08:41:00,1.31566,1.31568,1.31565,1.31568,42.0,6,0.0
2024-09-18 08:42:00,1.31567,1.31568,1.31565,1.31567,41.0,6,0.0
2024-09-18 08:43:00,1.31567,1.31568,1.31565,1.31568,36.0,6,0.0
2024-09-18 08:44:00,1.31567,1.31575,1.31564,1.31574,40.0,6,0.0
2024-09-18 08:45:00,1.31574,1.31574,1.31567,1.31574,10.0,6,0.0
2024-09-18 08:46:00,1.31574,1.31575,1.31574,1.31574,3.0,6,0.0
2024-09-18 08:47:00,1.31574,1.31575,1.31574,1.31575,4.0,6,0.0
2024-09-18 08:48:00,1.31575,1.31575,1.31571,1.31572,4.0,6,0.0
2024-09-18 08:49:00,1.31571,1.31574,1.31564,1.31574,13.0,6,0.0
2024-09-18 08:50:00,1.31574,1.31575,1.31569,1.31575,9.0,4,0.0
2024-09-18 08:51:00,1.31575,1.31576,1.31575,1.31575,3.0,3,0.0
2024-09-18 08:52:00,1.31575,1.3158400000000001,1.31575,1.3158400000000001,10.0,3,0.0
2024-09-18 08:53:00,1.31585,1.31586,1.31572,1.31574,22.0,3,0.0
2024-09-18 08:54:00,1.31574,1.31574,1.31572,1.31574,12.0,6,0.0
2024-09-18 08:55:00,1.31574,1.31593,1.31574,1.31588,14.0,4,0.0
2024-09-18 08:56:00,1.31588,1.31607,1.31588,1.31605,16.0,3,0.0
2024-09-18 08:57:00,1.31605,1.31606,1.31604,1.31605,15.0,4,0.0
2024-09-18 08:58:00,1.31605,1.31606,1.31573,1.31582,22.0,4,0.0
2024-09-18 08:59:00,1.3158400000000001,1.31602,1.31565,1.3157,52.0,2,0.0
2024-09-18 09:00:00,1.31575,1.31616,1.31575,1.31615,55.0,5,0.0
2024-09-18 09:01:00,1.31628,1.31683,1.31628,1.3168199999999999,47.0,6,0.0
2024-09-18 09:02:00,1.31683,1.31752,1.31683,1.31752,40.0,6,0.0
2024-09-18 09:03:00,1.31747,1.31782,1.31739,1.31759,44.0,6,0.0
2024-09-18 09:04:00,1.31759,1.31771,1.31739,1.31769,56.0,6,0.0
2024-09-18 09:05:00,1.31769,1.3176999999999999,1.3175,1.31769,33.0,6,0.0
2024-09-18 09:06:00,1.31775,1.3178,1.31766,1.3177699999999999,51.0,6,0.0
2024-09-18 09:07:00,1.3177699999999999,1.31778,1.31764,1.31771,35.0,6,0.0
2024-09-18 09:08:00,1.31778,1.31778,1.31754,1.31758,47.0,6,0.0
2024-09-18 09:09:00,1.31759,1.31759,1.31728,1.31739,37.0,6,0.0
2024-09-18 09:10:00,1.31741,1.31747,1.31729,1.31729,51.0,6,0.0
2024-09-18 09:11:00,1.3173,1.3175,1.31727,1.31745,44.0,6,0.0
2024-09-18 09:12:00,1.31745,1.31759,1.31719,1.31719,48.0,6,0.0
2024-09-18 09:13:00,1.31719,1.31742,1.31718,1.31731,38.0,6,0.0
2024-09-18 09:14:00,1.31731,1.31756,1.31724,1.3175,38.0,6,0.0
2024-09-18 09:15:00,1.31755,1.3176700000000001,1.31751,1.3176,37.0,6,0.0
2024-09-18 09:16:00,1.31759,1.3176,1.31734,1.31739,33.0,6,0.0
2024-09-18 09:17:00,1.3174000000000001,1.3175,1.31729,1.31735,23.0,6,0.0
2024-09-18 09:18:00,1.31735,1.31749,1.31735,1.3174000000000001,20.0,6,0.0
2024-09-18 09:19:00,1.3174000000000001,1.3174000000000001,1.31715,1.31715,38.0,6,0.0
2024-09-18 09:20:00,1.31715,1.3172,1.3171,1.31715,21.0,7,0.0
2024-09-18 09:21:00,1.31715,1.31715,1.31695,1.31695,14.0,7,0.0
2024-09-18 09:22:00,1.31695,1.31702,1.31691,1.31692,27.0,7,0.0
2024-09-18 09:23:00,1.31692,1.31697,1.31686,1.31691,29.0,7,0.0
2024-09-18 09:24:00,1.31691,1.31696,1.31687,1.31691,33.0,7,0.0
2024-09-18 09:25:00,1.31691,1.31692,1.31674,1.3168199999999999,22.0,7,0.0
2024-09-18 09:26:00,1.31684,1.31694,1.3168,1.31681,31.0,6,0.0
2024-09-18 09:27:00,1.31681,1.31686,1.31676,1.31683,18.0,6,0.0
2024-09-18 09:28:00,1.31683,1.31688,1.3167499999999999,1.31676,16.0,6,0.0
2024-09-18 09:29:00,1.3168199999999999,1.31699,1.31676,1.31698,37.0,6,0.0
2024-09-18 09:30:00,1.31697,1.31718,1.31697,1.3171,38.0,6,0.0
2024-09-18 09:31:00,1.3171,1.31744,1.3171,1.31742,49.0,6,0.0
2024-09-18 09:32:00,1.3174299999999999,1.31744,1.31739,1.3174000000000001,21.0,6,0.0
2024-09-18 09:33:00,1.31739,1.31741,1.31704,1.3170899999999999,28.0,6,0.0
2024-09-18 09:34:00,1.3170899999999999,1.3171300000000001,1.3170600000000001,1.31711,20.0,6,0.0
2024-09-18 09:35:00,1.31711,1.31751,1.31711,1.31751,35.0,6,0.0
2024-09-18 09:36:00,1.31751,1.31785,1.31751,1.31783,37.0,6,0.0
2024-09-18 09:37:00,1.31782,1.31793,1.31771,1.31771,31.0,6,0.0
2024-09-18 09:38:00,1.31773,1.31785,1.31769,1.31782,39.0,6,0.0
2024-09-18 09:39:00,1.31783,1.31789,1.31781,1.31789,21.0,6,0.0
2024-09-18 09:40:00,1.31789,1.31802,1.31789,1.3180100000000001,30.0,6,0.0
2024-09-18 09:41:00,1.3180100000000001,1.31824,1.3179400000000001,1.31821,37.0,6,0.0
2024-09-18 09:42:00,1.31822,1.31823,1.31784,1.31789,25.0,6,0.0
2024-09-18 09:43:00,1.31793,1.31809,1.31784,1.31788,27.0,5,0.0
2024-09-18 09:44:00,1.3179,1.3179,1.31759,1.31759,23.0,6,0.0
2024-09-18 09:45:00,1.31755,1.31755,1.31744,1.31744,42.0,6,0.0
2024-09-18 09:46:00,1.3174299999999999,1.31753,1.31739,1.3174000000000001,25.0,6,0.0
2024-09-18 09:47:00,1.31741,1.31751,1.3173300000000001,1.31741,26.0,6,0.0
2024-09-18 09:48:00,1.31742,1.31746,1.31723,1.31725,27.0,6,0.0
2024-09-18 09:49:00,1.31725,1.3173300000000001,1.31722,1.31725,30.0,6,0.0
2024-09-18 09:50:00,1.31728,1.31772,1.31715,1.31772,55.0,6,0.0
2024-09-18 09:51:00,1.31773,1.31796,1.31764,1.31782,36.0,4,0.0
2024-09-18 09:52:00,1.31782,1.31782,1.31772,1.31772,32.0,6,0.0
2024-09-18 09:53:00,1.31772,1.31791,1.31772,1.31772,23.0,5,0.0
2024-09-18 09:54:00,1.31776,1.31803,1.31776,1.31803,25.0,6,0.0
2024-09-18 09:55:00,1.31803,1.3180399999999999,1.31787,1.31793,26.0,6,0.0
2024-09-18 09:56:00,1.31792,1.31805,1.31792,1.31795,29.0,6,0.0
2024-09-18 09:57:00,1.3179400000000001,1.31803,1.31778,1.3180100000000001,40.0,6,0.0
2024-09-18 09:58:00,1.3180100000000001,1.31823,1.318,1.31822,39.0,6,0.0
2024-09-18 09:59:00,1.31822,1.3183,1.31813,1.31826,35.0,4,0.0
2024-09-18 10:00:00,1.31827,1.3183500000000001,1.31813,1.3183500000000001,57.0,5,0.0
2024-09-18 10:01:00,1.31834,1.31834,1.31813,1.31822,44.0,6,0.0
2024-09-18 10:02:00,1.31822,1.31834,1.31816,1.31834,26.0,6,0.0
2024-09-18 10:03:00,1.31833,1.31871,1.31833,1.31869,28.0,5,0.0
2024-09-18 10:04:00,1.31869,1.31873,1.31853,1.3186,40.0,5,0.0
2024-09-18 10:05:00,1.3186,1.31863,1.31856,1.31859,28.0,6,0.0
2024-09-18 10:06:00,1.31859,1.31872,1.3185799999999999,1.31868,26.0,5,0.0
2024-09-18 10:07:00,1.31864,1.31864,1.31832,1.31841,28.0,6,0.0
2024-09-18 10:08:00,1.31841,1.31863,1.3184,1.31852,27.0,6,0.0
2024-09-18 10:09:00,1.3185,1.31852,1.31829,1.31852,24.0,6,0.0
2024-09-18 10:10:00,1.31852,1.31872,1.31852,1.3186200000000001,20.0,6,0.0
2024-09-18 10:11:00,1.3186200000000001,1.3186499999999999,1.31851,1.31864,24.0,6,0.0
2024-09-18 10:12:00,1.31864,1.31884,1.3186200000000001,1.31882,41.0,6,0.0
2024-09-18 10:13:00,1.31887,1.31904,1.31879,1.31879,29.0,6,0.0
2024-09-18 10:14:00,1.31871,1.31884,1.31853,1.31853,29.0,6,0.0
2024-09-18 10:15:00,1.31854,1.31883,1.31844,1.3188,44.0,6,0.0
2024-09-18 10:16:00,1.3188,1.3189600000000001,1.31877,1.31893,38.0,6,0.0
2024-09-18 10:17:00,1.3189199999999999,1.319,1.31878,1.31893,50.0,6,0.0
2024-09-18 10:18:00,1.31893,1.31893,1.31867,1.31867,35.0,6,0.0
2024-09-18 10:19:00,1.31867,1.31903,1.31867,1.31902,36.0,6,0.0
2024-09-18 10:20:00,1.31898,1.31917,1.3189600000000001,1.31909,40.0,6,0.0
2024-09-18 10:21:00,1.31907,1.31922,1.31904,1.31906,50.0,6,0.0
2024-09-18 10:22:00,1.31908,1.31922,1.31908,1.31916,37.0,6,0.0
2024-09-18 10:23:00,1.31917,1.3192300000000001,1.31901,1.3191899999999999,42.0,6,0.0
2024-09-18 10:24:00,1.31913,1.3192300000000001,1.31909,1.3191899999999999,44.0,6,0.0
2024-09-18 10:25:00,1.31921,1.3192300000000001,1.31908,1.3191,32.0,6,0.0
2024-09-18 10:26:00,1.31911,1.31914,1.31909,1.31913,27.0,6,0.0
2024-09-18 10:27:00,1.31912,1.31921,1.31897,1.31898,23.0,6,0.0
2024-09-18 10:28:00,1.31898,1.319,1.31869,1.31872,44.0,5,0.0
2024-09-18 10:29:00,1.31872,1.31872,1.3186,1.31869,41.0,6,0.0
2024-09-18 10:30:00,1.31866,1.31872,1.3186,1.31867,28.0,6,0.0
2024-09-18 10:31:00,1.3187,1.3188,1.31864,1.31879,31.0,6,0.0
2024-09-18 10:32:00,1.3188,1.31893,1.31874,1.31874,41.0,6,0.0
2024-09-18 10:33:00,1.31875,1.31883,1.31869,1.31882,32.0,6,0.0
2024-09-18 10:34:00,1.31883,1.31883,1.31859,1.31873,40.0,6,0.0
2024-09-18 10:35:00,1.31872,1.31873,1.31852,1.31854,29.0,5,0.0
2024-09-18 10:36:00,1.31854,1.31861,1.31851,1.31853,21.0,6,0.0
2024-09-18 10:37:00,1.31853,1.31872,1.31853,1.31871,29.0,6,0.0
2024-09-18 10:38:00,1.31871,1.31871,1.3185799999999999,1.31861,38.0,6,0.0
2024-09-18 10:39:00,1.31861,1.31881,1.31861,1.31881,27.0,6,0.0
2024-09-18 10:40:00,1.31879,1.31888,1.31876,1.31879,40.0,6,0.0
2024-09-18 10:41:00,1.31878,1.31894,1.31872,1.31881,33.0,6,0.0
2024-09-18 10:42:00,1.3188900000000001,1.31894,1.3188900000000001,1.3189199999999999,31.0,6,0.0
2024-09-18 10:43:00,1.31891,1.31894,1.31879,1.31885,25.0,6,0.0
2024-09-18 10:44:00,1.31888,1.3189199999999999,1.31882,1.3188900000000001,39.0,6,0.0
2024-09-18 10:45:00,1.31888,1.31891,1.31868,1.31869,40.0,6,0.0
2024-09-18 10:46:00,1.31871,1.31909,1.31871,1.31905,43.0,6,0.0
2024-09-18 10:47:00,1.31905,1.31932,1.31902,1.31931,40.0,6,0.0
2024-09-18 10:48:00,1.31929,1.31941,1.31918,1.31941,41.0,6,0.0
2024-09-18 10:49:00,1.31941,1.3195999999999999,1.31933,1.3195999999999999,35.0,6,0.0
2024-09-18 10:50:00,1.3195999999999999,1.31961,1.3195000000000001,1.3195999999999999,36.0,6,0.0
2024-09-18 10:51:00,1.31961,1.31963,1.31949,1.3195999999999999,38.0,6,0.0
2024-09-18 10:52:00,1.31959,1.31963,1.3195299999999999,1.31954,28.0,6,0.0
2024-09-18 10:53:00,1.31954,1.31965,1.31946,1.31962,29.0,6,0.0
2024-09-18 10:54:00,1.31963,1.31977,1.31963,1.31974,40.0,4,0.0
2024-09-18 10:55:00,1.31972,1.31992,1.3197,1.31992,42.0,6,0.0
2024-09-18 10:56:00,1.31992,1.31996,1.3197999999999999,1.31986,42.0,6,0.0
2024-09-18 10:57:00,1.3197999999999999,1.3197999999999999,1.31959,1.31972,44.0,6,0.0
2024-09-18 10:58:00,1.31973,1.31973,1.31958,1.31961,48.0,6,0.0
2024-09-18 10:59:00,1.31961,1.31979,1.31961,1.31979,42.0,6,0.0
2024-09-18 11:00:00,1.3197999999999999,1.31993,1.31978,1.31981,45.0,6,0.0
2024-09-18 11:01:00,1.3197999999999999,1.3199100000000001,1.31978,1.3199,54.0,6,0.0
2024-09-18 11:02:00,1.3199,1.3199,1.31978,1.3199,41.0,6,0.0
2024-09-18 11:03:00,1.31989,1.3199,1.31978,1.31985,32.0,6,0.0
2024-09-18 11:04:00,1.3198400000000001,1.3198699999999999,1.31977,1.31979,44.0,6,0.0
2024-09-18 11:05:00,1.31979,1.31992,1.31979,1.31988,35.0,6,0.0
2024-09-18 11:06:00,1.31988,1.31988,1.31977,1.3197999999999999,21.0,6,0.0
2024-09-18 11:07:00,1.3197999999999999,1.3199100000000001,1.31967,1.31967,32.0,6,0.0
2024-09-18 11:08:00,1.31968,1.32006,1.31966,1.32006,32.0,6,0.0
2024-09-18 11:09:00,1.32006,1.32006,1.31988,1.31995,43.0,6,0.0
2024-09-18 11:10:00,1.31995,1.32005,1.31986,1.31986,14.0,6,0.0
2024-09-18 11:11:00,1.31986,1.31986,1.31967,1.31967,8.0,6,0.0
2024-09-18 11:12:00,1.31967,1.31969,1.31958,1.31967,17.0,6,0.0
2024-09-18 11:13:00,1.31966,1.31966,1.3195999999999999,1.31961,25.0,6,0.0
2024-09-18 11:14:00,1.31962,1.3197999999999999,1.31961,1.31978,35.0,3,0.0
2024-09-18 11:15:00,1.31977,1.31977,1.31947,1.31959,31.0,6,0.0
2024-09-18 11:16:00,1.31958,1.31994,1.31958,1.31989,44.0,6,0.0
2024-09-18 11:17:00,1.3199,1.31997,1.31974,1.31983,25.0,6,0.0
2024-09-18 11:18:00,1.31979,1.31983,1.31978,1.31978,15.0,6,0.0
2024-09-18 11:19:00,1.31981,1.31983,1.31975,1.31976,13.0,6,0.0
2024-09-18 11:20:00,1.31977,1.31985,1.31967,1.31981,24.0,6,0.0
2024-09-18 11:21:00,1.31981,1.31985,1.31976,1.31976,30.0,6,0.0
2024-09-18 11:22:00,1.31977,1.32005,1.31967,1.32005,38.0,6,0.0
2024-09-18 11:23:00,1.32005,1.32026,1.32004,1.32024,43.0,6,0.0
2024-09-18 11:24:00,1.32024,1.32034,1.3201800000000001,1.32025,38.0,6,0.0
2024-09-18 11:25:00,1.32024,1.32042,1.32023,1.32024,16.0,6,0.0
2024-09-18 11:26:00,1.32024,1.32035,1.32023,1.32034,24.0,6,0.0
2024-09-18 11:27:00,1.32034,1.32046,1.32032,1.32032,25.0,6,0.0
2024-09-18 11:28:00,1.32033,1.32057,1.32033,1.32053,31.0,6,0.0
2024-09-18 11:29:00,1.3204799999999999,1.3204799999999999,1.32043,1.3204500000000001,27.0,6,0.0
2024-09-18 11:30:00,1.32055,1.32055,1.32042,1.32047,29.0,6,0.0
2024-09-18 11:31:00,1.32047,1.32063,1.32047,1.32063,22.0,6,0.0
2024-09-18 11:32:00,1.32063,1.32063,1.32047,1.32053,13.0,6,0.0
2024-09-18 11:33:00,1.32053,1.32053,1.32032,1.32036,19.0,6,0.0
2024-09-18 11:34:00,1.32036,1.3205,1.32036,1.32044,23.0,6,0.0
2024-09-18 11:35:00,1.32044,1.32049,1.32044,1.3204500000000001,36.0,6,0.0
2024-09-18 11:36:00,1.3204500000000001,1.3208,1.3204500000000001,1.32068,46.0,6,0.0
2024-09-18 11:37:00,1.32068,1.32074,1.32054,1.32057,35.0,6,0.0
2024-09-18 11:38:00,1.32057,1.32057,1.32036,1.32037,25.0,6,0.0
2024-09-18 11:39:00,1.32037,1.32037,1.32023,1.32026,21.0,6,0.0
2024-09-18 11:40:00,1.32026,1.32047,1.32026,1.32034,24.0,6,0.0
2024-09-18 11:41:00,1.32034,1.32036,1.32023,1.32028,29.0,6,0.0
2024-09-18 11:42:00,1.3203,1.32036,1.32028,1.32035,30.0,6,0.0
2024-09-18 11:43:00,1.32035,1.32049,1.32023,1.32049,29.0,6,0.0
2024-09-18 11:44:00,1.32049,1.32066,1.32049,1.32054,34.0,6,0.0
2024-09-18 11:45:00,1.32054,1.3206,1.3204,1.3206,42.0,6,0.0
2024-09-18 11:46:00,1.3206,1.3207900000000001,1.32055,1.32071,41.0,6,0.0
2024-09-18 11:47:00,1.32071,1.32098,1.32068,1.32098,36.0,6,0.0
2024-09-18 11:48:00,1.32099,1.32116,1.32099,1.32111,19.0,6,0.0
2024-09-18 11:49:00,1.32111,1.32115,1.32098,1.32098,33.0,6,0.0
2024-09-18 11:50:00,1.32099,1.32099,1.32076,1.32076,25.0,6,0.0
